timestamp,temp,humedad,presion
2026-08-01T00:00,27.5,84,1006.1
2026-08-01T01:00,27.6,82,1006.1
2026-08-01T02:00,27.7,79,1005.8
2026-08-01T03:00,27.6,78,1005.4
2026-08-01T04:00,27.3,80,1005.4
2026-08-01T05:00,27.0,83,1005.6
2026-08-01T06:00,26.9,84,1005.8
2026-08-01T07:00,28.7,76,1006.2
2026-08-01T08:00,30.7,67,1006.9
2026-08-01T09:00,32.9,59,1006.7
2026-08-01T10:00,33.9,53,1006.4
2026-08-01T11:00,33.7,56,1005.9
2026-08-01T12:00,34.4,53,1005.6
2026-08-01T13:00,35.5,49,1005.6
2026-08-01T14:00,34.1,54,1004.6
2026-08-01T15:00,33.4,56,1003.7
2026-08-01T16:00,32.3,61,1003.5
2026-08-01T17:00,30.6,68,1003.7
2026-08-01T18:00,29.0,77,1004.2
2026-08-01T19:00,28.5,81,1005.0
2026-08-01T20:00,28.4,81,1004.6
2026-08-01T21:00,28.3,81,1005.3
2026-08-01T22:00,28.3,79,1006.2
2026-08-01T23:00,28.0,81,1006.0
2026-08-02T00:00,27.7,83,1005.7
2026-08-02T01:00,27.4,86,1005.5
2026-08-02T02:00,27.5,84,1005.3
2026-08-02T03:00,27.8,81,1005.2
2026-08-02T04:00,28.0,79,1004.8
2026-08-02T05:00,27.6,81,1004.6
2026-08-02T06:00,27.2,84,1004.6
2026-08-02T07:00,28.2,81,1005.9
2026-08-02T08:00,30.4,70,1006.4
2026-08-02T09:00,32.5,61,1006.5
2026-08-02T10:00,34.2,54,1006.0
2026-08-02T11:00,35.8,49,1005.9
2026-08-02T12:00,36.1,49,1005.6
2026-08-02T13:00,36.7,47,1005.1
2026-08-02T14:00,35.7,50,1004.3
2026-08-02T15:00,34.2,52,1003.7
2026-08-02T16:00,33.5,55,1003.1
2026-08-02T17:00,32.1,61,1002.8
2026-08-02T18:00,30.0,72,1003.0
2026-08-02T19:00,29.1,75,1004.0
2026-08-02T20:00,28.9,77,1004.2
2026-08-02T21:00,28.7,78,1004.4
2026-08-02T22:00,29.1,76,1004.9
2026-08-02T23:00,29.7,71,1004.9
2026-08-03T00:00,29.4,70,1004.6
2026-08-03T01:00,28.7,76,1004.9
2026-08-03T02:00,28.2,77,1004.5
2026-08-03T03:00,28.0,78,1004.6
2026-08-03T04:00,27.6,82,1004.6
2026-08-03T05:00,27.4,84,1004.8
2026-08-03T06:00,27.1,87,1004.9
2026-08-03T07:00,28.4,80,1005.8
2026-08-03T08:00,30.6,67,1005.8
2026-08-03T09:00,32.4,58,1005.9
2026-08-03T10:00,33.5,54,1006.0
2026-08-03T11:00,34.3,52,1005.8
2026-08-03T12:00,35.2,50,1005.8
2026-08-03T13:00,36.3,49,1005.2
2026-08-03T14:00,34.4,57,1004.6
2026-08-03T15:00,33.6,60,1003.6
2026-08-03T16:00,32.5,61,1003.6
2026-08-03T17:00,31.2,67,1003.6
2026-08-03T18:00,29.2,77,1003.9
2026-08-03T19:00,28.4,81,1004.3
2026-08-03T20:00,28.3,81,1004.5
2026-08-03T21:00,27.8,84,1004.9
2026-08-03T22:00,28.0,82,1005.0
2026-08-03T23:00,28.4,79,1004.9
2026-08-04T00:00,28.6,76,1005.0
2026-08-04T01:00,28.5,76,1004.7
2026-08-04T02:00,28.2,78,1004.5
2026-08-04T03:00,27.7,82,1004.8
2026-08-04T04:00,27.3,86,1004.8
2026-08-04T05:00,26.8,90,1004.8
2026-08-04T06:00,26.7,91,1004.9
2026-08-04T07:00,28.5,79,1005.8
2026-08-04T08:00,30.8,68,1006.4
2026-08-04T09:00,32.4,62,1006.8
2026-08-04T10:00,32.8,59,1006.7
2026-08-04T11:00,33.8,54,1006.6
2026-08-04T12:00,33.0,52,1006.3
2026-08-04T13:00,33.8,55,1006.0
2026-08-04T14:00,32.3,64,1005.7
2026-08-04T15:00,32.3,63,1004.9
2026-08-04T16:00,31.5,67,1004.2
2026-08-04T17:00,30.5,70,1004.4
2026-08-04T18:00,28.9,79,1004.8
2026-08-04T19:00,28.0,82,1005.8
2026-08-04T20:00,27.9,81,1006.0
2026-08-04T21:00,27.9,81,1006.6
2026-08-04T22:00,27.6,85,1006.9
2026-08-04T23:00,27.3,88,1006.5
2026-08-05T00:00,27.8,82,1005.9
2026-08-05T01:00,28.0,78,1006.4
2026-08-05T02:00,27.7,80,1006.0
2026-08-05T03:00,27.7,79,1005.5
2026-08-05T04:00,27.2,83,1005.1
2026-08-05T05:00,26.8,88,1005.5
2026-08-05T06:00,26.5,91,1005.8
2026-08-05T07:00,27.7,83,1006.7
2026-08-05T08:00,28.9,76,1007.5
2026-08-05T09:00,30.7,66,1007.7
2026-08-05T10:00,32.5,58,1007.5
2026-08-05T11:00,33.9,52,1006.9
2026-08-05T12:00,34.3,49,1006.3
2026-08-05T13:00,36.4,44,1006.1
2026-08-05T14:00,35.4,42,1005.4
2026-08-05T15:00,32.6,58,1004.4
2026-08-05T16:00,32.9,54,1004.1
2026-08-05T17:00,31.3,63,1004.1
2026-08-05T18:00,29.0,75,1004.7
2026-08-05T19:00,28.1,82,1005.5
2026-08-05T20:00,27.7,86,1005.6
2026-08-05T21:00,27.9,83,1005.8
2026-08-05T22:00,28.0,80,1006.3
2026-08-05T23:00,27.7,82,1006.3
2026-08-06T00:00,27.4,85,1006.3
2026-08-06T01:00,27.4,86,1006.3
2026-08-06T02:00,27.3,87,1005.8
2026-08-06T03:00,27.2,87,1005.5
2026-08-06T04:00,26.9,88,1005.8
2026-08-06T05:00,26.8,91,1006.7
2026-08-06T06:00,26.9,91,1007.5
2026-08-06T07:00,27.9,80,1008.0
2026-08-06T08:00,30.0,68,1008.5
2026-08-06T09:00,32.6,55,1008.8
2026-08-06T10:00,34.7,47,1008.7
2026-08-06T11:00,36.2,42,1008.3
2026-08-06T12:00,35.5,45,1007.9
2026-08-06T13:00,32.6,53,1009.1
2026-08-06T14:00,32.5,57,1008.8
2026-08-06T15:00,30.7,65,1008.2
2026-08-06T16:00,29.0,75,1008.1
2026-08-06T17:00,29.0,75,1008.0
2026-08-06T18:00,28.5,75,1008.2
2026-08-06T19:00,28.8,74,1009.0
2026-08-06T20:00,28.2,79,1009.2
2026-08-06T21:00,27.8,83,1009.4
2026-08-06T22:00,27.8,83,1009.6
2026-08-06T23:00,27.7,84,1009.2
2026-08-07T00:00,27.4,87,1008.9
2026-08-07T01:00,27.2,88,1008.4
2026-08-07T02:00,27.5,82,1007.6
2026-08-07T03:00,27.4,81,1007.4
2026-08-07T04:00,26.8,86,1007.2
2026-08-07T05:00,26.4,92,1007.5
2026-08-07T06:00,26.4,93,1007.8
2026-08-07T07:00,27.8,82,1008.7
2026-08-07T08:00,28.5,76,1008.9
2026-08-07T09:00,29.1,71,1009.5
2026-08-07T10:00,30.3,66,1009.2
2026-08-07T11:00,31.7,60,1008.8
2026-08-07T12:00,32.3,59,1008.0
2026-08-07T13:00,33.3,56,1007.9
2026-08-07T14:00,32.2,61,1007.0
2026-08-07T15:00,32.4,59,1005.8
2026-08-07T16:00,31.4,64,1005.2
2026-08-07T17:00,30.0,70,1004.8
2026-08-07T18:00,28.5,77,1004.6
2026-08-07T19:00,29.1,72,1005.4
2026-08-07T20:00,28.7,74,1005.2
2026-08-07T21:00,28.6,74,1005.5
2026-08-07T22:00,28.8,72,1005.8
2026-08-07T23:00,28.6,73,1005.7
2026-08-08T00:00,28.4,72,1005.3
2026-08-08T01:00,28.3,70,1005.5
2026-08-08T02:00,28.0,71,1004.9
2026-08-08T03:00,27.9,72,1004.7
2026-08-08T04:00,27.7,73,1004.5
2026-08-08T05:00,27.7,71,1004.9
2026-08-08T06:00,27.2,78,1005.1
2026-08-08T07:00,28.8,69,1006.0
2026-08-08T08:00,30.1,64,1006.4
2026-08-08T09:00,31.6,57,1006.8
2026-08-08T10:00,33.0,52,1006.6
2026-08-08T11:00,33.7,51,1006.3
2026-08-08T12:00,34.1,49,1005.4
2026-08-08T13:00,35.6,43,1005.5
2026-08-08T14:00,34.2,48,1004.5
2026-08-08T15:00,33.1,51,1003.3
2026-08-08T16:00,31.7,58,1002.8
2026-08-08T17:00,30.1,64,1002.8
2026-08-08T18:00,27.7,81,1003.1
2026-08-08T19:00,27.8,84,1003.8
2026-08-08T20:00,28.2,79,1004.0
2026-08-08T21:00,27.9,80,1004.4
2026-08-08T22:00,27.7,82,1004.9
2026-08-08T23:00,27.9,79,1005.1
2026-08-09T00:00,28.4,71,1004.8
2026-08-09T01:00,28.3,71,1005.0
2026-08-09T02:00,27.7,75,1004.6
2026-08-09T03:00,27.1,83,1004.4
2026-08-09T04:00,26.7,86,1004.7
2026-08-09T05:00,26.8,82,1004.9
2026-08-09T06:00,26.8,81,1005.0
2026-08-09T07:00,28.6,74,1006.5
2026-08-09T08:00,30.8,61,1007.1
2026-08-09T09:00,32.9,51,1007.2
2026-08-09T10:00,34.3,47,1007.4
2026-08-09T11:00,34.4,49,1007.4
2026-08-09T12:00,34.2,50,1007.0
2026-08-09T13:00,35.0,49,1006.4
2026-08-09T14:00,32.4,59,1005.4
2026-08-09T15:00,32.3,61,1004.8
2026-08-09T16:00,30.8,69,1004.3
2026-08-09T17:00,29.7,74,1004.5
2026-08-09T18:00,28.5,80,1004.9
2026-08-09T19:00,27.9,83,1005.5
2026-08-09T20:00,27.9,80,1006.4
2026-08-09T21:00,28.2,78,1007.2
2026-08-09T22:00,28.0,79,1007.0
2026-08-09T23:00,27.7,81,1007.2
2026-08-10T00:00,27.3,84,1007.2
2026-08-10T01:00,27.3,84,1006.6
2026-08-10T02:00,27.4,83,1005.8
2026-08-10T03:00,27.6,81,1005.3
2026-08-10T04:00,27.4,81,1005.7
2026-08-10T05:00,27.0,85,1005.7
2026-08-10T06:00,27.0,85,1006.2
2026-08-10T07:00,28.5,79,1007.1
2026-08-10T08:00,30.7,68,1007.4
2026-08-10T09:00,32.3,61,1007.9
2026-08-10T10:00,32.7,59,1007.8
2026-08-10T11:00,32.8,59,1007.3
2026-08-10T12:00,33.0,59,1006.9
2026-08-10T13:00,33.2,59,1006.8
2026-08-10T14:00,31.7,66,1006.2
2026-08-10T15:00,31.7,67,1005.1
2026-08-10T16:00,30.8,70,1004.6
2026-08-10T17:00,29.8,75,1004.7
2026-08-10T18:00,28.3,82,1004.9
2026-08-10T19:00,28.1,84,1005.9
2026-08-10T20:00,28.0,84,1006.3
2026-08-10T21:00,28.1,82,1006.2
2026-08-10T22:00,28.2,81,1006.6
2026-08-10T23:00,28.4,79,1006.3
2026-08-11T00:00,29.1,72,1005.8
2026-08-11T01:00,28.8,72,1005.9
2026-08-11T02:00,28.2,75,1005.5
2026-08-11T03:00,27.4,82,1005.2
2026-08-11T04:00,27.1,85,1005.4
2026-08-11T05:00,26.9,85,1005.8
2026-08-11T06:00,26.7,87,1006.1
2026-08-11T07:00,28.7,76,1007.3
2026-08-11T08:00,30.6,68,1007.5
2026-08-11T09:00,32.1,61,1007.9
2026-08-11T10:00,33.0,57,1007.6
2026-08-11T11:00,33.6,54,1007.1
2026-08-11T12:00,33.7,54,1006.2
2026-08-11T13:00,34.3,54,1006.1
2026-08-11T14:00,32.3,60,1005.0
2026-08-11T15:00,31.9,64,1004.1
2026-08-11T16:00,30.5,70,1003.7
2026-08-11T17:00,28.9,78,1003.4
2026-08-11T18:00,28.0,82,1003.9
2026-08-11T19:00,27.7,85,1004.9
2026-08-11T20:00,27.4,86,1004.9
2026-08-11T21:00,27.5,85,1005.5
2026-08-11T22:00,27.4,85,1005.8
2026-08-11T23:00,27.3,86,1005.5
2026-08-12T00:00,27.6,83,1004.8
2026-08-12T01:00,27.9,80,1004.8
2026-08-12T02:00,27.8,79,1004.1
2026-08-12T03:00,27.3,82,1003.7
2026-08-12T04:00,26.7,87,1003.9
2026-08-12T05:00,26.4,90,1004.5
2026-08-12T06:00,26.4,90,1004.9
2026-08-12T07:00,28.2,80,1005.8
2026-08-12T08:00,30.5,69,1006.6
2026-08-12T09:00,32.3,60,1006.5
2026-08-12T10:00,33.7,55,1006.3
2026-08-12T11:00,34.7,52,1006.0
2026-08-12T12:00,34.2,53,1005.5
2026-08-12T13:00,35.5,51,1005.6
2026-08-12T14:00,32.8,60,1004.8
2026-08-12T15:00,32.7,59,1003.9
2026-08-12T16:00,31.2,67,1003.5
2026-08-12T17:00,29.6,75,1003.7
2026-08-12T18:00,28.0,83,1004.3
2026-08-12T19:00,28.7,81,1006.0
2026-08-12T20:00,28.1,84,1006.5
2026-08-12T21:00,27.9,84,1007.1
2026-08-12T22:00,27.6,86,1006.9
2026-08-12T23:00,27.5,86,1006.5
2026-08-13T00:00,27.2,87,1006.0
2026-08-13T01:00,27.3,87,1005.5
2026-08-13T02:00,27.2,88,1005.0
2026-08-13T03:00,27.0,88,1004.9
2026-08-13T04:00,26.8,90,1005.2
2026-08-13T05:00,26.7,92,1005.9
2026-08-13T06:00,26.7,92,1006.3
2026-08-13T07:00,28.4,81,1007.0
2026-08-13T08:00,30.6,70,1007.5
2026-08-13T09:00,32.8,61,1007.7
2026-08-13T10:00,34.6,55,1007.4
2026-08-13T11:00,36.1,49,1007.1
2026-08-13T12:00,36.8,47,1006.2
2026-08-13T13:00,35.7,45,1006.4
2026-08-13T14:00,34.5,54,1005.8
2026-08-13T15:00,33.3,57,1005.1
2026-08-13T16:00,32.6,60,1005.0
2026-08-13T17:00,31.2,67,1005.3
2026-08-13T18:00,29.5,74,1005.5
2026-08-13T19:00,28.6,79,1006.6
2026-08-13T20:00,28.5,79,1007.3
2026-08-13T21:00,28.3,81,1007.1
2026-08-13T22:00,28.1,83,1007.4
2026-08-13T23:00,28.2,83,1007.2
2026-08-14T00:00,28.3,82,1006.7
2026-08-14T01:00,28.5,79,1007.0
2026-08-14T02:00,28.0,81,1006.3
2026-08-14T03:00,27.8,83,1005.9
2026-08-14T04:00,27.1,89,1005.8
2026-08-14T05:00,26.8,88,1005.8
2026-08-14T06:00,27.1,84,1006.0
2026-08-14T07:00,28.3,79,1007.5
2026-08-14T08:00,29.6,71,1007.5
2026-08-14T09:00,32.1,59,1007.3
2026-08-14T10:00,34.3,51,1007.0
2026-08-14T11:00,33.3,55,1006.8
2026-08-14T12:00,32.5,60,1006.2
2026-08-14T13:00,33.9,56,1006.8
2026-08-14T14:00,32.9,59,1006.1
2026-08-14T15:00,32.7,60,1005.2
2026-08-14T16:00,31.4,65,1004.8
2026-08-14T17:00,29.5,73,1005.0
2026-08-14T18:00,28.4,78,1005.1
2026-08-14T19:00,27.9,85,1006.0
2026-08-14T20:00,27.7,87,1006.1
2026-08-14T21:00,28.3,79,1005.8
2026-08-14T22:00,28.4,79,1005.9
2026-08-14T23:00,28.7,75,1005.6
2026-08-15T00:00,28.7,74,1005.2
2026-08-15T01:00,28.6,76,1005.3
2026-08-15T02:00,28.2,77,1004.7
2026-08-15T03:00,28.0,78,1004.0
2026-08-15T04:00,27.6,82,1004.5
2026-08-15T05:00,27.6,79,1005.1
2026-08-15T06:00,27.6,78,1005.5
2026-08-15T07:00,28.6,73,1005.9
2026-08-15T08:00,30.5,64,1006.3
2026-08-15T09:00,32.1,55,1006.6
2026-08-15T10:00,33.5,50,1006.9
2026-08-15T11:00,34.3,49,1006.5
2026-08-15T12:00,34.6,49,1006.1
2026-08-15T13:00,34.8,48,1006.0
2026-08-15T14:00,33.4,52,1005.2
2026-08-15T15:00,32.6,56,1004.5
2026-08-15T16:00,31.3,61,1003.9
2026-08-15T17:00,29.8,68,1003.4
2026-08-15T18:00,28.6,73,1003.7
2026-08-15T19:00,27.6,81,1005.1
2026-08-15T20:00,27.7,80,1005.4
2026-08-15T21:00,27.5,81,1005.5
2026-08-15T22:00,27.6,78,1005.9
2026-08-15T23:00,27.5,80,1005.5
2026-08-16T00:00,27.7,78,1005.0
2026-08-16T01:00,27.5,80,1005.1
2026-08-16T02:00,27.4,81,1004.8
2026-08-16T03:00,27.3,81,1004.3
2026-08-16T04:00,27.1,83,1003.8
2026-08-16T05:00,26.8,84,1004.0
2026-08-16T06:00,26.6,86,1004.6
2026-08-16T07:00,28.5,74,1006.0
2026-08-16T08:00,30.4,65,1006.5
2026-08-16T09:00,32.5,57,1007.1
2026-08-16T10:00,34.4,49,1006.5
2026-08-16T11:00,36.3,42,1006.6
2026-08-16T12:00,35.3,45,1005.7
2026-08-16T13:00,38.4,38,1005.2
2026-08-16T14:00,35.6,48,1004.5
2026-08-16T15:00,33.8,55,1003.7
2026-08-16T16:00,32.2,60,1003.2
2026-08-16T17:00,30.6,69,1003.6
2026-08-16T18:00,29.2,76,1004.1
2026-08-16T19:00,28.5,82,1004.7
2026-08-16T20:00,28.5,81,1004.9
2026-08-16T21:00,28.2,82,1005.0
2026-08-16T22:00,28.0,83,1005.6
2026-08-16T23:00,28.1,83,1006.6
2026-08-17T00:00,28.0,83,1007.0
2026-08-17T01:00,28.1,85,1006.3
2026-08-17T02:00,28.0,84,1006.3
2026-08-17T03:00,25.9,93,1006.8
2026-08-17T04:00,25.1,98,1007.1
2026-08-17T05:00,25.0,97,1007.7
2026-08-17T06:00,24.9,97,1007.9
2026-08-17T07:00,25.2,99,1008.4
2026-08-17T08:00,25.2,100,1009.0
2026-08-17T09:00,25.3,98,1009.5
2026-08-17T10:00,25.5,95,1010.1
2026-08-17T11:00,26.3,87,1009.4
2026-08-17T12:00,28.0,79,1009.1
2026-08-17T13:00,28.9,75,1009.5
2026-08-17T14:00,29.7,73,1008.6
2026-08-17T15:00,30.1,70,1007.6
2026-08-17T16:00,29.3,74,1007.2
2026-08-17T17:00,28.8,77,1007.3
2026-08-17T18:00,27.9,81,1007.9
2026-08-17T19:00,27.1,88,1009.1
2026-08-17T20:00,26.5,94,1009.9
2026-08-17T21:00,26.4,97,1010.2
2026-08-17T22:00,26.4,96,1010.5
2026-08-17T23:00,26.3,97,1010.6
2026-08-18T00:00,26.0,95,1009.8
2026-08-18T01:00,26.0,95,1009.4
2026-08-18T02:00,25.8,97,1009.0
2026-08-18T03:00,25.6,99,1009.1
2026-08-18T04:00,25.4,100,1009.0
2026-08-18T05:00,25.2,99,1008.8
2026-08-18T06:00,25.0,99,1009.1
2026-08-18T07:00,26.3,95,1009.5
2026-08-18T08:00,27.3,88,1010.2
2026-08-18T09:00,28.7,80,1010.5
2026-08-18T10:00,30.2,73,1010.1
2026-08-18T11:00,31.5,68,1009.8
2026-08-18T12:00,31.6,68,1008.8
2026-08-18T13:00,31.4,66,1008.7
2026-08-18T14:00,30.3,70,1007.9
2026-08-18T15:00,29.9,71,1007.2
2026-08-18T16:00,29.1,76,1006.6
2026-08-18T17:00,28.9,79,1006.6
2026-08-18T18:00,27.4,88,1006.8
2026-08-18T19:00,27.5,88,1007.4
2026-08-18T20:00,27.4,89,1007.7
2026-08-18T21:00,27.3,88,1007.9
2026-08-18T22:00,27.8,83,1008.0
2026-08-18T23:00,27.7,84,1007.8
2026-08-19T00:00,27.6,84,1007.0
2026-08-19T01:00,27.3,87,1006.9
2026-08-19T02:00,27.2,88,1006.2
2026-08-19T03:00,27.1,86,1005.6
2026-08-19T04:00,26.8,89,1005.5
2026-08-19T05:00,26.4,95,1005.9
2026-08-19T06:00,26.3,95,1005.9
2026-08-19T07:00,28.1,85,1006.3
2026-08-19T08:00,29.6,76,1006.9
2026-08-19T09:00,30.8,71,1007.1
2026-08-19T10:00,31.9,67,1007.1
2026-08-19T11:00,32.9,60,1006.9
2026-08-19T12:00,32.1,67,1006.4
2026-08-19T13:00,32.6,66,1005.9
2026-08-19T14:00,31.8,67,1005.2
2026-08-19T15:00,31.3,68,1004.8
2026-08-19T16:00,30.0,76,1004.5
2026-08-19T17:00,29.0,83,1004.3
2026-08-19T18:00,27.7,90,1004.7
2026-08-19T19:00,27.8,88,1005.6
2026-08-19T20:00,27.7,89,1006.0
2026-08-19T21:00,27.7,88,1006.2
2026-08-19T22:00,27.8,86,1006.6
2026-08-19T23:00,27.9,85,1006.5
2026-08-20T00:00,28.3,82,1005.7
2026-08-20T01:00,28.1,83,1005.7
2026-08-20T02:00,27.5,86,1005.1
2026-08-20T03:00,27.1,88,1004.6
2026-08-20T04:00,26.9,88,1004.8
2026-08-20T05:00,26.9,89,1005.5
2026-08-20T06:00,26.8,89,1005.8
2026-08-20T07:00,28.5,82,1006.3
2026-08-20T08:00,30.6,72,1006.9
2026-08-20T09:00,32.1,63,1007.2
2026-08-20T10:00,33.2,60,1007.1
2026-08-20T11:00,34.3,58,1006.5
2026-08-20T12:00,34.6,58,1005.9
2026-08-20T13:00,34.9,57,1006.0
2026-08-20T14:00,33.2,63,1005.3
2026-08-20T15:00,32.6,62,1004.7
2026-08-20T16:00,31.8,66,1004.2
2026-08-20T17:00,29.9,78,1004.5
2026-08-20T18:00,28.1,89,1004.6
2026-08-20T19:00,28.4,86,1005.6
2026-08-20T20:00,28.4,85,1006.1
2026-08-20T21:00,28.2,87,1006.7
2026-08-20T22:00,28.2,86,1007.0
2026-08-20T23:00,28.4,84,1006.8
2026-08-21T00:00,28.7,81,1006.1
2026-08-21T01:00,28.4,81,1006.1
2026-08-21T02:00,28.4,80,1005.5
2026-08-21T03:00,28.2,79,1005.5
2026-08-21T04:00,27.7,84,1005.5
2026-08-21T05:00,27.2,90,1006.1
2026-08-21T06:00,26.7,95,1006.2
2026-08-21T07:00,28.7,83,1006.9
2026-08-21T08:00,30.6,71,1007.7
2026-08-21T09:00,31.9,65,1007.9
2026-08-21T10:00,33.3,62,1007.9
2026-08-21T11:00,33.8,56,1007.8
2026-08-21T12:00,34.0,60,1007.0
2026-08-21T13:00,33.8,61,1006.7
2026-08-21T14:00,33.0,63,1005.7
2026-08-21T15:00,31.9,68,1005.3
2026-08-21T16:00,31.4,72,1004.8
2026-08-21T17:00,29.8,80,1004.7
2026-08-21T18:00,28.3,89,1005.3
2026-08-21T19:00,27.9,90,1006.6
2026-08-21T20:00,28.0,88,1006.5
2026-08-21T21:00,28.0,87,1007.1
2026-08-21T22:00,28.3,84,1007.1
2026-08-21T23:00,28.1,86,1006.1
2026-08-22T00:00,28.1,86,1006.8
2026-08-22T01:00,27.7,89,1006.7
2026-08-22T02:00,27.4,90,1005.7
2026-08-22T03:00,27.4,90,1005.9
2026-08-22T04:00,27.3,91,1006.6
2026-08-22T05:00,27.4,90,1007.0
2026-08-22T06:00,27.3,90,1007.0
2026-08-22T07:00,28.2,81,1008.6
2026-08-22T08:00,28.5,79,1009.1
2026-08-22T09:00,29.6,75,1009.3
2026-08-22T10:00,30.0,74,1008.9
2026-08-22T11:00,30.8,71,1008.3
2026-08-22T12:00,31.0,69,1007.5
2026-08-22T13:00,30.8,68,1007.2
2026-08-22T14:00,30.1,71,1006.8
2026-08-22T15:00,29.8,72,1005.9
2026-08-22T16:00,29.4,73,1005.9
2026-08-22T17:00,28.6,79,1005.8
2026-08-22T18:00,27.7,86,1005.8
2026-08-22T19:00,27.5,87,1006.7
2026-08-22T20:00,27.4,87,1007.1
2026-08-22T21:00,27.3,89,1007.7
2026-08-22T22:00,27.2,92,1007.9
2026-08-22T23:00,27.2,92,1007.8
2026-08-23T00:00,27.1,91,1007.4
2026-08-23T01:00,27.1,90,1007.4
2026-08-23T02:00,27.1,89,1007.1
2026-08-23T03:00,27.2,88,1006.7
2026-08-23T04:00,26.9,90,1006.5
2026-08-23T05:00,26.7,94,1006.7
2026-08-23T06:00,26.4,97,1007.1
2026-08-23T07:00,27.8,86,1007.7
2026-08-23T08:00,29.3,79,1008.3
2026-08-23T09:00,31.2,71,1008.4
2026-08-23T10:00,33.0,61,1008.3
2026-08-23T11:00,34.2,57,1008.0
2026-08-23T12:00,34.8,55,1007.4
2026-08-23T13:00,31.7,64,1007.3
2026-08-23T14:00,32.1,67,1006.1
2026-08-23T15:00,31.7,68,1005.5
2026-08-23T16:00,30.3,73,1006.1
2026-08-23T17:00,29.3,78,1006.7
2026-08-23T18:00,28.4,83,1007.4
2026-08-23T19:00,27.7,90,1008.9
2026-08-23T20:00,27.1,95,1009.0
2026-08-23T21:00,26.4,98,1009.2
2026-08-23T22:00,26.0,98,1008.9
2026-08-23T23:00,25.7,98,1008.6
2026-08-24T00:00,25.6,99,1007.8
2026-08-24T01:00,25.3,96,1007.9
2026-08-24T02:00,25.9,97,1007.0
2026-08-24T03:00,26.5,96,1006.3
2026-08-24T04:00,26.3,95,1006.1
2026-08-24T05:00,26.4,89,1005.4
2026-08-24T06:00,26.6,86,1005.1
2026-08-24T07:00,27.5,83,1005.8
2026-08-24T08:00,28.7,79,1006.2
2026-08-24T09:00,30.6,71,1006.6
2026-08-24T10:00,32.4,64,1006.5
2026-08-24T11:00,33.8,60,1006.3
2026-08-24T12:00,34.0,57,1005.6
2026-08-24T13:00,33.4,61,1005.5
2026-08-24T14:00,32.1,67,1004.9
2026-08-24T15:00,32.1,68,1004.4
2026-08-24T16:00,31.5,69,1004.0
2026-08-24T17:00,30.5,74,1004.3
2026-08-24T18:00,28.6,86,1004.5
2026-08-24T19:00,28.3,85,1005.4
2026-08-24T20:00,28.1,87,1006.2
2026-08-24T21:00,27.9,89,1006.6
2026-08-24T22:00,27.6,92,1006.8
2026-08-24T23:00,27.8,90,1006.5
2026-08-25T00:00,28.4,81,1005.9
2026-08-25T01:00,27.9,85,1005.8
2026-08-25T02:00,27.7,84,1005.3
2026-08-25T03:00,27.5,85,1005.0
2026-08-25T04:00,27.4,87,1004.9
2026-08-25T05:00,27.1,89,1005.1
2026-08-25T06:00,26.7,93,1005.5
2026-08-25T07:00,28.4,85,1006.2
2026-08-25T08:00,30.0,75,1007.0
2026-08-25T09:00,31.2,68,1007.3
2026-08-25T10:00,31.8,67,1007.1
2026-08-25T11:00,32.3,65,1006.7
2026-08-25T12:00,32.7,64,1006.0
2026-08-25T13:00,33.5,61,1005.7
2026-08-25T14:00,33.2,61,1005.0
2026-08-25T15:00,32.9,59,1003.9
2026-08-25T16:00,31.8,65,1003.6
2026-08-25T17:00,30.1,73,1003.8
2026-08-25T18:00,28.6,83,1004.2
2026-08-25T19:00,28.5,80,1005.3
2026-08-25T20:00,27.8,88,1005.5
2026-08-25T21:00,27.8,86,1005.6
2026-08-25T22:00,28.1,84,1006.1
2026-08-25T23:00,28.5,79,1005.6
2026-08-26T00:00,28.7,74,1004.4
2026-08-26T01:00,28.5,75,1004.5
2026-08-26T02:00,27.8,81,1004.0
2026-08-26T03:00,27.4,86,1003.6
2026-08-26T04:00,27.1,87,1003.9
2026-08-26T05:00,27.0,87,1004.4
2026-08-26T06:00,26.9,88,1004.7
2026-08-26T07:00,28.3,84,1005.2
2026-08-26T08:00,30.1,72,1006.1
2026-08-26T09:00,32.7,59,1006.4
2026-08-26T10:00,34.8,52,1006.1
2026-08-26T11:00,35.3,51,1005.9
2026-08-26T12:00,33.1,58,1005.3
2026-08-26T13:00,33.5,58,1005.4
2026-08-26T14:00,32.9,61,1004.5
2026-08-26T15:00,32.4,62,1003.7
2026-08-26T16:00,31.0,70,1003.4
2026-08-26T17:00,29.9,74,1003.3
2026-08-26T18:00,28.6,82,1003.8
2026-08-26T19:00,28.6,84,1004.2
2026-08-26T20:00,28.9,80,1004.5
2026-08-26T21:00,28.5,80,1004.9
2026-08-26T22:00,28.5,83,1005.1
2026-08-26T23:00,28.7,78,1005.5
2026-08-27T00:00,28.4,79,1004.7
2026-08-27T01:00,28.1,81,1004.8
2026-08-27T02:00,27.9,84,1004.3
2026-08-27T03:00,27.5,86,1004.3
2026-08-27T04:00,27.1,89,1004.3
2026-08-27T05:00,26.8,92,1004.5
2026-08-27T06:00,26.6,93,1004.4
2026-08-27T07:00,28.8,78,1005.0
2026-08-27T08:00,30.4,69,1005.4
2026-08-27T09:00,32.0,61,1005.3
2026-08-27T10:00,33.2,56,1005.2
2026-08-27T11:00,33.6,55,1005.3
2026-08-27T12:00,33.9,55,1004.7
2026-08-27T13:00,34.8,53,1004.4
2026-08-27T14:00,33.7,57,1003.6
2026-08-27T15:00,33.0,60,1002.6
2026-08-27T16:00,31.6,68,1002.2
2026-08-27T17:00,30.0,76,1002.2
2026-08-27T18:00,28.2,86,1002.4
2026-08-27T19:00,29.0,80,1003.6
2026-08-27T20:00,28.9,80,1004.1
2026-08-27T21:00,28.7,81,1004.5
2026-08-27T22:00,28.8,80,1004.7
2026-08-27T23:00,28.8,79,1004.5
2026-08-28T00:00,28.7,79,1004.1
2026-08-28T01:00,28.5,78,1004.4
2026-08-28T02:00,28.1,80,1003.9
2026-08-28T03:00,27.9,82,1003.8
2026-08-28T04:00,27.8,82,1003.8
2026-08-28T05:00,27.7,83,1004.3
2026-08-28T06:00,27.7,82,1004.7
2026-08-28T07:00,29.0,76,1006.0
2026-08-28T08:00,30.6,68,1006.3
2026-08-28T09:00,31.9,63,1006.6
2026-08-28T10:00,32.8,59,1006.9
2026-08-28T11:00,33.3,59,1006.7
2026-08-28T12:00,33.3,58,1006.0
2026-08-28T13:00,33.4,58,1005.1
2026-08-28T14:00,33.5,57,1004.1
2026-08-28T15:00,32.8,61,1003.0
2026-08-28T16:00,31.3,69,1002.6
2026-08-28T17:00,30.4,70,1002.7
2026-08-28T18:00,28.8,79,1003.2
2026-08-28T19:00,28.3,83,1003.8
2026-08-28T20:00,28.7,79,1004.4
2026-08-28T21:00,28.6,79,1005.0
2026-08-28T22:00,28.3,81,1005.6
2026-08-28T23:00,28.1,84,1005.3
